SQL> --------WAQTD NAME OF THE EMP AND HIS LOC OF ALL THE EMPS?
SQL> SELECT ENAME, LOC
  2  FROM EMP,DEPT
  3  WHERE EMP.DEPTNO=DEPT.DEPTNO;

ENAME      LOC
---------- -------------
SMITH      DALLAS
ALLEN      CHICAGO
WARD       CHICAGO
JONES      DALLAS
MARTIN     CHICAGO
BLAKE      CHICAGO
CLARK      NEW YORK
SCOTT      DALLAS
KING       NEW YORK
TURNER     CHICAGO
ADAMS      DALLAS
JAMES      CHICAGO
FORD       DALLAS
MILLER     NEW YORK

14 rows selected.

SQL> ---------WAQTD DNAME AND SAL FOR ALL THE EMPS WORKING IN ACCOUNTING?
SQL> SELECT DNAME ,SAL
  2  FROM EMP,DEPT
  3  WHERE EMP.DEPTNO = DEPT.DEPTNO;

DNAME                 SAL
-------------- ----------
RESEARCH              800
SALES                1600
SALES                1250
RESEARCH             2975
SALES                1250
SALES                2850
ACCOUNTING           2450
RESEARCH             3000
ACCOUNTING           5000
SALES                1500
RESEARCH             1100
SALES                 950
RESEARCH             3000
ACCOUNTING           1300

14 rows selected.

SQL> -----WAQTD DNAME AND ANNUAL SAL FOR ALL EMPS WHOS SALARY IS MORE THAN 2340?
SQL> SELECT DNAME, SAL*12 AS ANNUAL_SAL
  2  FROM EMP,DEPT
  3  WHERE SAL>2340 AND EMP.DEPTNO =DEPT.DEPTNO;

DNAME          ANNUAL_SAL
-------------- ----------
RESEARCH            35700
SALES               34200
ACCOUNTING          29400
RESEARCH            36000
ACCOUNTING          60000
RESEARCH            36000

6 rows selected.

SQL> -------WAQTD ENAME AND DNAME FOR EMPLOYEE HAVING CHARACTER'A' IN THEIR DNAME?
SQL> SELECT ENAME ,DNAME 
  2  FROM EMP,DEPT
  3  WHERE DNAME LIKE '%A%' AND EMP.DEPTNO = DEPT.DEPTNO;

ENAME      DNAME
---------- --------------
SMITH      RESEARCH
ALLEN      SALES
WARD       SALES
JONES      RESEARCH
MARTIN     SALES
BLAKE      SALES
CLARK      ACCOUNTING
SCOTT      RESEARCH
KING       ACCOUNTING
TURNER     SALES
ADAMS      RESEARCH
JAMES      SALES
FORD       RESEARCH
MILLER     ACCOUNTING

14 rows selected.

SQL> -------WAQTD ENAME AND DNAME FOR ALL THE EMPS WORKING AS SALESMAN?
SQL> SELECT ENAME , DNAME 
  2  FROM EMP,DEPT
  3  WHERE JOB IN ('SALESMAN') AND EMP.DEPTNO = DEPT.DEPTNO;

ENAME      DNAME
---------- --------------
ALLEN      SALES
WARD       SALES
MARTIN     SALES
TURNER     SALES

SQL> -----------WAQTD DNAME AND JOB FOR ALL EMPS WHOS JOB AND DNAME STARTS WITH CHARACTER'S'?
SQL> SELECT DNAME ,JOB
  2  FROM EMP,DEPT
  3  WHERE JOB LIKE 'S%' AND DNAME LIKE 'S%' AND EMP.DEPTNO=DEPT.DEPTNO;

DNAME          JOB
-------------- ---------
SALES          SALESMAN
SALES          SALESMAN
SALES          SALESMAN
SALES          SALESMAN

SQL> ---WAQDT DNAME AND MGRNO FOR EMP REPORTING TO 7839?
SQL> SELECT DNAME,MGR
  2  FROM EMP,DEPT
  3  WHERE MGR =7839 AND EMP.DEPTNO =DEPT.DEPTNO;


DNAME                 MGR
-------------- ----------
RESEARCH             7839
SALES                7839
ACCOUNTING           7839

SQL> ----------WAQTD DNAME AND HIREDATE FOR  EMPS HIRED AFTER 83 INTO ACC OR RESEARCH DEPT?
SQL> SELECT DNAME ,HIREDATE 
  2  FROM EMP,DEPT
  3  WHERE HIREDATE> '31-DEC-83' AND DNAME IN ('ACCOUNTING','RESEARCH');

DNAME          HIREDATE
-------------- ---------
ACCOUNTING     19-APR-87
ACCOUNTING     23-MAY-87
RESEARCH       19-APR-87
RESEARCH       23-MAY-87


SQL> ------WAQTD ENAME AND DNAME OF THE EMPS WHO ARE GETTING COMM IN DEPT 10 OR 30?
SQL> SELECT ENAME ,DNAME 
  2  FROM EMP,DEPT
  3  WHERE COMM IS NOT NULL AND DEPT.DEPTNO IN(10,30) AND AND EMP.DEPTNO =DEPT.DEPTNO;
                           

ENAME      DNAME
---------- --------------
ALLEN      SALES
WARD       SALES
MARTIN     SALES
TURNER     SALES


SQL> -----WAQTD DNAME AND EMPNO FOR ALL THE EMP WHOS EMPNO ARE (7839,7902) AND ARE WORKING IN LOC NE
W YORK?
SQL> SELECT DNAME, EMPNO 
  2  FROM EMP,DEPT
  3  WHERE EMPNO IN(7839,7902) AND LOC IN('NEW YORK') AND EMP.DEPTNO = DEPT.DEPTNO;

DNAME               EMPNO
-------------- ----------
ACCOUNTING           7839

SQL> ---------SELF JOIN----------
SQL> ---WAQTD NAME OF THE EMPS AND HIS MANGERS NAME IF EMPS IS WORKING AS CLERK?
SQL> SELECT E1.ENAME ,E2.ENAME 
  2  FROM EMP E1,EMP E2
  3  WHERE E1.JOB = 'CLERK';

ENAME      ENAME
---------- ----------
SMITH      SMITH
SMITH      ALLEN
SMITH      WARD
SMITH      JONES
SMITH      MARTIN
SMITH      BLAKE
SMITH      CLARK
SMITH      SCOTT
SMITH      KING
SMITH      TURNER
SMITH      ADAMS
SMITH      JAMES
SMITH      FORD
SMITH      MILLER
ADAMS      SMITH
ADAMS      ALLEN
ADAMS      WARD
ADAMS      JONES
ADAMS      MARTIN
ADAMS      BLAKE
ADAMS      CLARK
ADAMS      SCOTT
ADAMS      KING
ADAMS      TURNER
ADAMS      ADAMS
ADAMS      JAMES
ADAMS      FORD
ADAMS      MILLER
JAMES      SMITH
JAMES      ALLEN
JAMES      WARD
JAMES      JONES
JAMES      MARTIN
JAMES      BLAKE
JAMES      CLARK
JAMES      SCOTT
JAMES      KING
JAMES      TURNER
JAMES      ADAMS
JAMES      JAMES
JAMES      FORD
JAMES      MILLER
MILLER     SMITH
MILLER     ALLEN
MILLER     WARD
MILLER     JONES
MILLER     MARTIN
MILLER     BLAKE
MILLER     CLARK
MILLER     SCOTT
MILLER     KING
MILLER     TURNER
MILLER     ADAMS
MILLER     JAMES
MILLER     FORD
MILLER     MILLER

56 rows selected.

SQL> --------WAQTD NAME OF THE EMPLOYEES AND MANAGERS DESIGNATION IF MANAGER WORKS IN DEPT 10 OR 20?

SQL> SELECT E1.ENAME ,E2.ENAME 
  2  FROM EMP E1 , EMP E2
  3  WHERE E2.DEPTNO IN(10,20);

ENAME      ENAME
---------- ----------
SMITH      SMITH
ALLEN      SMITH
WARD       SMITH
JONES      SMITH
MARTIN     SMITH
BLAKE      SMITH
CLARK      SMITH
SCOTT      SMITH
KING       SMITH
TURNER     SMITH
ADAMS      SMITH
JAMES      SMITH
FORD       SMITH
MILLER     SMITH
SMITH      JONES
ALLEN      JONES
WARD       JONES
JONES      JONES
MARTIN     JONES
BLAKE      JONES
CLARK      JONES
SCOTT      JONES
KING       JONES
TURNER     JONES
ADAMS      JONES
JAMES      JONES
FORD       JONES
MILLER     JONES
SMITH      CLARK
ALLEN      CLARK
WARD       CLARK
JONES      CLARK
MARTIN     CLARK
BLAKE      CLARK
CLARK      CLARK
SCOTT      CLARK
KING       CLARK
TURNER     CLARK
ADAMS      CLARK
JAMES      CLARK
FORD       CLARK
MILLER     CLARK
SMITH      SCOTT
ALLEN      SCOTT
WARD       SCOTT
JONES      SCOTT
MARTIN     SCOTT
BLAKE      SCOTT
CLARK      SCOTT
SCOTT      SCOTT
KING       SCOTT
TURNER     SCOTT
ADAMS      SCOTT
JAMES      SCOTT
FORD       SCOTT
MILLER     SCOTT
SMITH      KING
ALLEN      KING
WARD       KING
JONES      KING
MARTIN     KING
BLAKE      KING
CLARK      KING
SCOTT      KING
KING       KING
TURNER     KING
ADAMS      KING
JAMES      KING
FORD       KING
MILLER     KING
SMITH      ADAMS
ALLEN      ADAMS
WARD       ADAMS
JONES      ADAMS
MARTIN     ADAMS
BLAKE      ADAMS
CLARK      ADAMS
SCOTT      ADAMS
KING       ADAMS
TURNER     ADAMS
ADAMS      ADAMS
JAMES      ADAMS
FORD       ADAMS
MILLER     ADAMS
SMITH      FORD
ALLEN      FORD
WARD       FORD
JONES      FORD
MARTIN     FORD
BLAKE      FORD
CLARK      FORD
SCOTT      FORD
KING       FORD
TURNER     FORD
ADAMS      FORD
JAMES      FORD
FORD       FORD
MILLER     FORD
SMITH      MILLER
ALLEN      MILLER
WARD       MILLER
JONES      MILLER
MARTIN     MILLER
BLAKE      MILLER
CLARK      MILLER
SCOTT      MILLER
KING       MILLER
TURNER     MILLER
ADAMS      MILLER
JAMES      MILLER
FORD       MILLER
MILLER     MILLER

112 rows selected.

SQL> ---WAQTD EMPNAME AND MANAGER NAME IF MANAGER IS WORKING AS ACTUAL MANAGER?
SQL> SELECT E1.ENAME ,E2.ENAME 
  2  FROM EMP E1 , EMP E2
  3  WHERE E2.JOB ='MANAGER';

ENAME      ENAME
---------- ----------
SMITH      JONES
ALLEN      JONES
WARD       JONES
JONES      JONES
MARTIN     JONES
BLAKE      JONES
CLARK      JONES
SCOTT      JONES
KING       JONES
TURNER     JONES
ADAMS      JONES
JAMES      JONES
FORD       JONES
MILLER     JONES
SMITH      BLAKE
ALLEN      BLAKE
WARD       BLAKE
JONES      BLAKE
MARTIN     BLAKE
BLAKE      BLAKE
CLARK      BLAKE
SCOTT      BLAKE
KING       BLAKE
TURNER     BLAKE
ADAMS      BLAKE
JAMES      BLAKE
FORD       BLAKE
MILLER     BLAKE
SMITH      CLARK
ALLEN      CLARK
WARD       CLARK
JONES      CLARK
MARTIN     CLARK
BLAKE      CLARK
CLARK      CLARK
SCOTT      CLARK
KING       CLARK
TURNER     CLARK
ADAMS      CLARK
JAMES      CLARK
FORD       CLARK
MILLER     CLARK

42 rows selected.

SQL> ------WAQTD EMP NAME AND MANAGER NAME ALONG WITH THEIR ANNUAL SALARIES IF EMPLOYEE WORKS IN DEP
TNO 10,20 AND MANAGERS SAL IS GREATER THAN EMPS SALARY?

SQL> SELECT E1.ENAME,E2.ENAME , E1.SAL*12 ,E2.SAL*12
  2  FROM EMP E1,EMP E2
  3  WHERE E1.DEPTNO IN(10,20) AND E2.SAL> E1.SAL;


ENAME      ENAME       E1.SAL*12  E2.SAL*12
---------- ---------- ---------- ----------
SMITH      JAMES            9600      11400
SMITH      ADAMS            9600      13200
SMITH      WARD             9600      15000
SMITH      MARTIN           9600      15000
SMITH      MILLER           9600      15600
SMITH      TURNER           9600      18000
SMITH      ALLEN            9600      19200
SMITH      CLARK            9600      29400
SMITH      BLAKE            9600      34200
SMITH      JONES            9600      35700
SMITH      SCOTT            9600      36000
SMITH      FORD             9600      36000
SMITH      KING             9600      60000
ADAMS      WARD            13200      15000
ADAMS      MARTIN          13200      15000
ADAMS      MILLER          13200      15600
ADAMS      TURNER          13200      18000
ADAMS      ALLEN           13200      19200
ADAMS      CLARK           13200      29400
ADAMS      BLAKE           13200      34200
ADAMS      JONES           13200      35700
ADAMS      SCOTT           13200      36000
ADAMS      FORD            13200      36000
ADAMS      KING            13200      60000
MILLER     TURNER          15600      18000
MILLER     ALLEN           15600      19200
MILLER     CLARK           15600      29400
MILLER     BLAKE           15600      34200
MILLER     JONES           15600      35700
MILLER     SCOTT           15600      36000
MILLER     FORD            15600      36000
MILLER     KING            15600      60000
CLARK      BLAKE           29400      34200
CLARK      JONES           29400      35700
CLARK      SCOTT           29400      36000
CLARK      FORD            29400      36000
CLARK      KING            29400      60000
JONES      SCOTT           35700      36000
JONES      FORD            35700      36000
JONES      KING            35700      60000
SCOTT      KING            36000      60000
FORD       KING            36000      60000

42 rows selected.


SQL> -------WAQTD EMPS NAME AND MANAGERS DESIGNATION FOR ALL THE EMPS?
SQL> SELECT E1.ENAME ,E2.JOB
  2  FROM EMP E1, EMP E2;

ENAME      JOB
---------- ---------
SMITH      CLERK
ALLEN      CLERK
WARD       CLERK
JONES      CLERK
MARTIN     CLERK
BLAKE      CLERK
CLARK      CLERK
SCOTT      CLERK
KING       CLERK
TURNER     CLERK
ADAMS      CLERK
JAMES      CLERK
FORD       CLERK
MILLER     CLERK
SMITH      SALESMAN
ALLEN      SALESMAN
WARD       SALESMAN
JONES      SALESMAN
MARTIN     SALESMAN
BLAKE      SALESMAN
CLARK      SALESMAN
SCOTT      SALESMAN
KING       SALESMAN
TURNER     SALESMAN
ADAMS      SALESMAN
JAMES      SALESMAN
FORD       SALESMAN
MILLER     SALESMAN
SMITH      SALESMAN
ALLEN      SALESMAN
WARD       SALESMAN
JONES      SALESMAN
MARTIN     SALESMAN
BLAKE      SALESMAN
CLARK      SALESMAN
SCOTT      SALESMAN
KING       SALESMAN
TURNER     SALESMAN
ADAMS      SALESMAN
JAMES      SALESMAN
FORD       SALESMAN
MILLER     SALESMAN
SMITH      MANAGER
ALLEN      MANAGER
WARD       MANAGER
JONES      MANAGER
MARTIN     MANAGER
BLAKE      MANAGER
CLARK      MANAGER
SCOTT      MANAGER
KING       MANAGER
TURNER     MANAGER
ADAMS      MANAGER
JAMES      MANAGER
FORD       MANAGER
MILLER     MANAGER
SMITH      SALESMAN
ALLEN      SALESMAN
WARD       SALESMAN
JONES      SALESMAN
MARTIN     SALESMAN
BLAKE      SALESMAN
CLARK      SALESMAN
SCOTT      SALESMAN
KING       SALESMAN
TURNER     SALESMAN
ADAMS      SALESMAN
JAMES      SALESMAN
FORD       SALESMAN
MILLER     SALESMAN
SMITH      MANAGER
ALLEN      MANAGER
WARD       MANAGER
JONES      MANAGER
MARTIN     MANAGER
BLAKE      MANAGER
CLARK      MANAGER
SCOTT      MANAGER
KING       MANAGER
TURNER     MANAGER
ADAMS      MANAGER
JAMES      MANAGER
FORD       MANAGER
MILLER     MANAGER
SMITH      MANAGER
ALLEN      MANAGER
WARD       MANAGER
JONES      MANAGER
MARTIN     MANAGER
BLAKE      MANAGER
CLARK      MANAGER
SCOTT      MANAGER
KING       MANAGER
TURNER     MANAGER
ADAMS      MANAGER
JAMES      MANAGER
FORD       MANAGER
MILLER     MANAGER
SMITH      ANALYST
ALLEN      ANALYST
WARD       ANALYST
JONES      ANALYST
MARTIN     ANALYST
BLAKE      ANALYST
CLARK      ANALYST
SCOTT      ANALYST
KING       ANALYST
TURNER     ANALYST
ADAMS      ANALYST
JAMES      ANALYST
FORD       ANALYST
MILLER     ANALYST
SMITH      PRESIDENT
ALLEN      PRESIDENT
WARD       PRESIDENT
JONES      PRESIDENT
MARTIN     PRESIDENT
BLAKE      PRESIDENT
CLARK      PRESIDENT
SCOTT      PRESIDENT
KING       PRESIDENT
TURNER     PRESIDENT
ADAMS      PRESIDENT
JAMES      PRESIDENT
FORD       PRESIDENT
MILLER     PRESIDENT
SMITH      SALESMAN
ALLEN      SALESMAN
WARD       SALESMAN
JONES      SALESMAN
MARTIN     SALESMAN
BLAKE      SALESMAN
CLARK      SALESMAN
SCOTT      SALESMAN
KING       SALESMAN
TURNER     SALESMAN
ADAMS      SALESMAN
JAMES      SALESMAN
FORD       SALESMAN
MILLER     SALESMAN
SMITH      CLERK
ALLEN      CLERK
WARD       CLERK
JONES      CLERK
MARTIN     CLERK
BLAKE      CLERK
CLARK      CLERK
SCOTT      CLERK
KING       CLERK
TURNER     CLERK
ADAMS      CLERK
JAMES      CLERK
FORD       CLERK
MILLER     CLERK
SMITH      CLERK
ALLEN      CLERK
WARD       CLERK
JONES      CLERK
MARTIN     CLERK
BLAKE      CLERK
CLARK      CLERK
SCOTT      CLERK
KING       CLERK
TURNER     CLERK
ADAMS      CLERK
JAMES      CLERK
FORD       CLERK
MILLER     CLERK
SMITH      ANALYST
ALLEN      ANALYST
WARD       ANALYST
JONES      ANALYST
MARTIN     ANALYST
BLAKE      ANALYST
CLARK      ANALYST
SCOTT      ANALYST
KING       ANALYST
TURNER     ANALYST
ADAMS      ANALYST
JAMES      ANALYST
FORD       ANALYST
MILLER     ANALYST
SMITH      CLERK
ALLEN      CLERK
WARD       CLERK
JONES      CLERK
MARTIN     CLERK
BLAKE      CLERK
CLARK      CLERK
SCOTT      CLERK
KING       CLERK
TURNER     CLERK
ADAMS      CLERK
JAMES      CLERK
FORD       CLERK
MILLER     CLERK

196 rows selected.

SQL> ----WAQTD EMPS NAME AND MANAGERS SAL FOR ALL THE EMPS IF MANAGERS SALARY ENDS WITH 50?
SQL> SELECT E1.ENAME , E2.SAL
  2  FROM EMP E1, EMP E2
  3  WHERE E2.SAL LIKE '%50';

ENAME             SAL
---------- ----------
SMITH            1250
ALLEN            1250
WARD             1250
JONES            1250
MARTIN           1250
BLAKE            1250
CLARK            1250
SCOTT            1250
KING             1250
TURNER           1250
ADAMS            1250
JAMES            1250
FORD             1250
MILLER           1250
SMITH            1250
ALLEN            1250
WARD             1250
JONES            1250
MARTIN           1250
BLAKE            1250
CLARK            1250
SCOTT            1250
KING             1250
TURNER           1250
ADAMS            1250
JAMES            1250
FORD             1250
MILLER           1250
SMITH            2850
ALLEN            2850
WARD             2850
JONES            2850
MARTIN           2850
BLAKE            2850
CLARK            2850
SCOTT            2850
KING             2850
TURNER           2850
ADAMS            2850
JAMES            2850
FORD             2850
MILLER           2850
SMITH            2450
ALLEN            2450
WARD             2450
JONES            2450
MARTIN           2450
BLAKE            2450
CLARK            2450
SCOTT            2450
KING             2450
TURNER           2450
ADAMS            2450
JAMES            2450
FORD             2450
MILLER           2450
SMITH             950
ALLEN             950
WARD              950
JONES             950
MARTIN            950
BLAKE             950
CLARK             950
SCOTT             950
KING              950
TURNER            950
ADAMS             950
JAMES             950
FORD              950
MILLER            950

70 rows selected.

